prompt,output,temperature,model,processor,noise_scale,acceptance_rate,tokens_per_sec
Artificial intelligence has transformed the way we ," Artificial intelligence has transformed the way we:

1. Live and work: AI has made our daily lives more convenient and efficient by automating various tasks, such as scheduling appointments, setting reminders, and organizing our work.
2. Communicate: AI-powered chatbots and virtual assistants have revolutionized the way we communicate with businesses and each other, providing quick and efficient customer service and enabling us to communicate with people across the globe.
3. Learn and train: AI has transformed the education sector by providing personalized learning experiences, automating grading and assessment, and enabling remote learning.
4. Create and innovate: AI has opened up new possibilities for creativity and innovation by enabling the generation of new ideas, designs, and products through AI-powered tools such as generative design and machine learning.
5. Make decisions: AI",0.8,speculative,TopKwNoise,0.0,0.3961038961038961,4.28
Artificial intelligence has transformed the way we ," Artificial intelligence has transformed the way we:

1. Work: AI has automated many repetitive and mundane tasks, freeing up time for workers to focus on more creative and strategic tasks.
2. Communicate: AI-powered chatbots and virtual assistants have made it easier and faster to communicate with customers and clients, providing 24/7 support.
3. Learn: AI-powered adaptive learning systems have personalized education for students, providing them with a more tailored and effective learning experience.
4. Healthcare: AI has improved the accuracy and speed of medical diagnoses, allowed for more personalized treatment plans, and enabled remote monitoring and management of patient health.
5. Invest: AI-powered trading systems have made it possible to analyze vast amounts of financial data and make more informed investment decisions in real-time.
6. Create",0.8,ngram,TopKwNoise,0.0,0.22727272727272727,5.73
Artificial intelligence has transformed the way we ," Artificial intelligence has transformed the way we live, work, and interact with each other in numerous ways, including:

1. Healthcare: AI has revolutionized healthcare by enabling more accurate diagnoses, streamlining medical processes, and improving patient outcomes.
2. Education: AI-powered adaptive learning systems have personalized education for students, allowing them to learn at their own pace and focus on areas where they need improvement.
3. Business: AI has automated many business processes, such as customer service, marketing, and financial forecasting, freeing up employees to focus on more creative and strategic tasks.
4. Transportation: AI has improved transportation systems by enabling autonomous vehicles, reducing traffic congestion, and optimizing routes for more efficient travel.
5. Home and Service Industries: AI-powered smart homes and service industries, such as personal",0.8,autoregressive,TopKwNoise,0.0,,5.45
Artificial intelligence has transformed the way we ," ...Artificial intelligence has transformed the way we live, work, and interact with each other in numerous ways, including:

1. Healthcare: AI has improved diagnostic accuracy, streamlined clinical workflows, and enabled personalized medicine.
2. Transportation: AI has developed autonomous vehicles, improving safety, reducing traffic congestion, and increasing efficiency in transportation networks.
3. Education: AI-powered adaptive learning systems have personalized educational content, enhancing student engagement and improving learning outcomes.
4. Customer service: AI-powered chatbots and virtual assistants have transformed customer service, providing 24/7 support and improving response times.
5. Business operations: AI has optimized supply chain management, predictive maintenance, and fraud detection, leading to increased efficiency and productivity.
6. Home and entertainment: AI-powered smart",0.8,speculative,TopKwNoise,0.3,0.40728476821192056,4.35
Artificial intelligence has transformed the way we ," Artificial intelligence has transformed the way we live, work, and interact with each other in numerous ways, including:

1. Healthcare: AI has revolutionized healthcare by improving diagnosis accuracy, streamlining clinical workflows, and enabling personalized treatment plans.
2. Education: AI has transformed education by providing personalized learning experiences, automating grading, and identifying learning gaps to help teachers tailor their instruction.
3. Customer Service: AI-powered chatbots and virtual assistants have enabled businesses to provide 24/7 customer support, improving customer satisfaction and reducing costs.
4. Transportation: AI has improved transportation by developing autonomous vehicles, traffic management systems, and optimizing logistics to reduce congestion and improve delivery times.
5. Finance: AI has enhanced financial services by detecting fraud, analyzing financial data, and",0.8,ngram,TopKwNoise,0.3,0.1875,5.73
Artificial intelligence has transformed the way we ," Artificial intelligence has transformed the way we:

* Work: AI has automated numerous tasks, such as data entry, bookkeeping, and customer service, freeing up time for more complex and creative work.
* Live: AI-powered smart homes, appliances, and devices have made our lives more convenient and efficient, from controlling temperature and lighting to monitoring health and security.
* Learn: AI-powered educational tools, such as adaptive learning systems and personalized tutoring, have improved the way we learn and retain information.
* Create: AI has opened up new opportunities for creative expression, such as generating music, art, and even entire stories, allowing artists to focus on the creative aspects of their work.
* Interact: AI-powered chatbots and virtual assistants have transformed the way we interact with businesses and services, making it easier and",0.8,autoregressive,TopKwNoise,0.3,,5.5
Artificial intelligence has transformed the way we ," Artificial intelligence has transformed the way we:

1. Work: AI has automated numerous tasks and processes, freeing up time for employees to focus on more creative and strategic work.
2. Learn: AI-powered tools and platforms have made personalized learning possible, allowing students to learn at their own pace and focus on their individual needs.
3. Live: AI-enabled devices and systems have improved the quality of our daily lives, from smart homes to intelligent transportation systems.
4. Interact: AI-powered chatbots and virtual assistants have revolutionized the way we interact with businesses and organizations, providing 24/7 support and improving customer service.
5. Create: AI has opened up new possibilities for creative expression, such as AI-generated art, music, and writing, and has enabled humans to collaborate with machines in previously unimaginable",0.8,speculative,TopKwNoise,0.6,0.4175084175084175,4.51
Artificial intelligence has transformed the way we ," ... Artificial intelligence has transformed the way we live, work, and communicate. Here are some possible ways to complete the sentence:

1. ... live: AI has revolutionized the way we live by providing intelligent personal assistants, smart homes, and autonomous transportation.
2. ... work: AI has automated many routine tasks in the workplace, freeing up time for more creative and strategic work.
3. ... communicate: AI-powered chatbots and virtual assistants have made communication faster and more efficient, allowing us to connect with people across the globe in real-time.
4. ... learn: AI-powered adaptive learning systems have revolutionized the way we learn, providing personalized education and training.
5. ... create: AI has opened up new possibilities for creativity, enabling artists, writers, and musicians to create works that were previously impossible.
6",0.8,ngram,TopKwNoise,0.6,0.2222222222222222,5.91
Artificial intelligence has transformed the way we ," Artificial intelligence has transformed the way we:

1. Work: AI has automated many routine tasks, freeing up time for workers to focus on more creative and strategic tasks.
2. Live: AI has enabled smart homes, cities, and vehicles, making our daily lives more convenient and efficient.
3. Learn: AI-powered adaptive learning systems have personalized education, making it more effective and accessible for everyone.
4. Create: AI has opened up new possibilities for artists, designers, and musicians, allowing them to create complex and innovative works.
5. Interact: AI-powered chatbots and virtual assistants have revolutionized customer service, enabling businesses to provide 24/7 support to their customers.
6. Make decisions: AI has improved decision-making processes in various industries, such as healthcare, finance, and supply",0.8,autoregressive,TopKwNoise,0.6,,5.47
Artificial intelligence has transformed the way we ," Artificial intelligence has transformed the way we live, work, and interact with each other in numerous ways, including:

1. Healthcare: AI has improved medical diagnosis, treatment, and patient outcomes by analyzing medical records, identifying patterns, and suggesting personalized treatment plans.
2. Transportation: AI has optimized traffic flow, enabled self-driving cars, and improved logistics and supply chain management.
3. Education: AI-powered adaptive learning systems have personalized education, making it more effective and efficient for students of all ages.
4. Customer Service: AI-powered chatbots and virtual assistants have improved customer service by providing faster and more accurate responses to customer inquiries.
5. Entertainment: AI has revolutionized the entertainment industry by creating more realistic special effects, personalizing content recommendations, and enhancing the overall viewing experience.
6.",0.8,speculative,TopKwNoise,0.9,0.38461538461538464,4.26
Artificial intelligence has transformed the way we ," Artificial intelligence has transformed the way we:

* Live and work: AI has changed the way we interact with technology, automating many routine tasks and freeing up time for more creative and strategic work.
* Make decisions: AI systems can analyze vast amounts of data and provide insights that can help us make better decisions, from investing in stocks to diagnosing medical conditions.
* Learn and educate: AI-powered tools are revolutionizing the way we learn, from personalized educational content to intelligent tutoring systems that adapt to the individual needs of each student.
* Create and innovate: AI has opened up new possibilities for creative professionals, from generating music and art to writing news articles and creating advertising campaigns.
* Interact with each other: AI-powered chatbots and virtual assistants are changing the way we interact with businesses and each other",0.8,ngram,TopKwNoise,0.9,0.27631578947368424,6.03
Artificial intelligence has transformed the way we ," Artificial intelligence has transformed the way we live, work, and interact with technology in a multitude of ways. Here are some possible ways to finish that sentence:

1. Artificial intelligence has transformed the way we work by automating routine tasks, freeing up time for more creative and strategic work.
2. Artificial intelligence has transformed the way we learn by providing personalized educational content and adaptive learning systems that tailor to individual needs.
3. Artificial intelligence has transformed the way we communicate by enabling us to interact with machines and devices through natural language processing, voice assistants, and chatbots.
4. Artificial intelligence has transformed the way we access information by providing instantaneous search results, personalized news feeds, and intelligent recommendations.
5. Artificial intelligence has transformed the way we shop by enabling personalized shopping experiences, product recommendations, and seamless checkout",0.8,autoregressive,TopKwNoise,0.9,,5.49
