question,answer,temperature,model,processor,output,score,acceptance_rate,tokens_per_sec
Who was the first President of the United States?,George Washington,0.8,speculative,topk," The first President of the United States was George Washington. He was inaugurated as the country's first president on April 30, 1789, and served two terms in",0.5183889269828796,0.3898305084745763,4.92
Who was the first President of the United States?,George Washington,0.8,ngram,topk," The first President of the United States was George Washington. He was inaugurated on April 30, 1789, and served two terms until March 4, 17",0.5343843698501587,1.0,6.98
Who was the first President of the United States?,George Washington,0.8,autoregressive,topk," The first President of the United States was George Washington. He was inaugurated on April 30, 1789, and served two terms until March 4, 17",0.5343843698501587,,6.89
What is 15 percent of 200?,30,0.8,speculative,topk," To find 15 percent of 200, you can multiply 200 by 0.15.

200 x 0.15 = ",0.168513223528862,0.6,6.12
What is 15 percent of 200?,30,0.8,ngram,topk," To find 15 percent of 200, you can multiply 200 by 0.15.

200 x 0.15 = ",0.168513223528862,0.5,9.87
What is 15 percent of 200?,30,0.8,autoregressive,topk," To find 15 percent of 200, you can multiply 200 by 0.15.

200 x 0.15 = ",0.168513223528862,,6.41
What is the square root of 144?,12,0.8,speculative,topk, The square root of 144 is 12.,0.3954220414161682,0.3333333333333333,4.7
What is the square root of 144?,12,0.8,ngram,topk, The square root of 144 is 12.,0.3954220414161682,0.3333333333333333,9.3
What is the square root of 144?,12,0.8,autoregressive,topk, The square root of 144 is 12.,0.3954220414161682,,6.84
Who was the leader of Nazi Germany?,Adolf Hitler,0.8,speculative,topk," The leader of Nazi Germany was Adolf Hitler. He was the dictator of Germany from 1934 to 1945, and he was the founder of the Nazi",0.6146532893180847,0.45454545454545453,5.03
Who was the leader of Nazi Germany?,Adolf Hitler,0.8,ngram,topk," The leader of Nazi Germany from 1934 until the country's surrender in 1945 was Adolf Hitler.

Adolf Hitler was born in Austria in ",0.5876541137695312,0.5,6.46
Who was the leader of Nazi Germany?,Adolf Hitler,0.8,autoregressive,topk," The leader of Nazi Germany was Adolf Hitler.

Adolf Hitler was born in Austria in 1889 and became the leader of the Nazi Party in 192",0.6105569005012512,,6.53
What force keeps us on the ground?,Gravity,0.8,speculative,topk," The force that keeps us on the ground is called gravity. Here are some key points that explain why we don't float off the ground:

1. Gravity: The force of",0.4411178231239319,0.3333333333333333,4.24
What force keeps us on the ground?,Gravity,0.8,ngram,topk," The force that keeps us on the ground is gravity. Here's a simplified explanation:

Gravity is a force that pulls objects towards each other. The Earth is a large",0.5080488920211792,0.375,7.18
What force keeps us on the ground?,Gravity,0.8,autoregressive,topk, The force that keeps us on the ground is called gravity. It is a fundamental force of nature that attracts objects towards each other with a force proportional to their mass and the distance between them.,0.5322452783584595,,6.42
How many planets are in the solar system?,Eight,0.8,speculative,topk," There are eight planets in the Solar System:

1. Mercury
2. Venus
3. Earth
4. Mars
5. Jupiter
6. Sat",0.35116612911224365,0.52,6.0
How many planets are in the solar system?,Eight,0.8,ngram,topk," The solar system consists of 8 planets:

1. Mercury
2. Venus
3. Earth
4. Mars
5. Jupiter
6. Saturn",0.2772846817970276,0.0,6.27
How many planets are in the solar system?,Eight,0.8,autoregressive,topk," There are eight planets in the solar system:

1. Mercury
2. Venus
3. Earth
4. Mars
5. Jupiter
6. Saturn",0.3387947380542755,,6.98
What empire built the Colosseum?,Roman Empire,0.8,speculative,topk," The Colosseum, also known as the Flavian Amphitheatre, was built by the Roman Empire. The Colosseum was constructed in Rome, Italy, during",0.35464709997177124,0.574468085106383,5.7
What empire built the Colosseum?,Roman Empire,0.8,ngram,topk," The Colosseum, also known as the Flavian Amphitheatre, was built by the Roman Empire during the reign of Emperor Vespasian (96-7",0.4398563504219055,0.5,7.05
What empire built the Colosseum?,Roman Empire,0.8,autoregressive,topk," The Colosseum, also known as the Flavian Amphitheatre, was built by the ancient Romans during the reign of the emperor Vespasian (r",0.4346327483654022,,6.23
What is the integral of 1 over x?,ln(x),0.8,speculative,topk," The integral of 1 over x is undefined.

The reason for this is that the function 1/x is not defined at x=0. Division by zero is not allowed in",0.35470718145370483,0.28169014084507044,3.94
What is the integral of 1 over x?,ln(x),0.8,ngram,topk," The integral of 1 over x is a constant, depending on the context and the definition of the integral.

In calculus, the indefinite integral of 1 over x is:",0.37414035201072693,0.6666666666666666,8.64
What is the integral of 1 over x?,ln(x),0.8,autoregressive,topk," The integral of 1/x is not defined over all real numbers.

The integral of a fraction is only defined if the denominator is non-zero at the point where the integral",0.2749340534210205,,6.39
What is the opposite of 'hot'?,Cold,0.8,speculative,topk," The opposite of ""hot"" can vary depending on the context. Here are some possible opposites of ""hot"":

1. Cold: This is a classic opposite of ""hot"", indicating",0.35249167680740356,0.25,3.72
What is the opposite of 'hot'?,Cold,0.8,ngram,topk," The opposite of ""hot"" can depend on the context in which the word is being used. Here are some possible opposites of ""hot"":

1. Cold: This is the most",0.35981419682502747,0.125,6.98
What is the opposite of 'hot'?,Cold,0.8,autoregressive,topk," The opposite of ""hot"" can depend on the context, but here are some possible opposite words:

1. Cold: This is the most common opposite of ""hot"". It can refer",0.3548326790332794,,6.34
What is the longest river in the world?,Nile,0.8,speculative,topk," The longest river in the world is the Nile River, which is approximately 6,853 kilometers (4,253 miles) long.

The Nile River",0.5054081082344055,0.41379310344827586,5.18
What is the longest river in the world?,Nile,0.8,ngram,topk," The longest river in the world is the Nile River, which is approximately 6,853 kilometers (4,258 miles) long. It flows through 11",0.5225736498832703,0.375,6.86
What is the longest river in the world?,Nile,0.8,autoregressive,topk," The longest river in the world is the Nile River, which is approximately 4,160 miles (6,670 kilometers) long. This river flows through 1",0.511229395866394,,7.01
What is the value of pi rounded to two decimal places?,3.14,0.8,speculative,topk, The value of pi rounded to two decimal places is 3.00.,0.2910318374633789,0.35714285714285715,4.26
What is the value of pi rounded to two decimal places?,3.14,0.8,ngram,topk, The value of pi rounded to two decimal places is 3.14.,0.4577765464782715,0.625,9.4
What is the value of pi rounded to two decimal places?,3.14,0.8,autoregressive,topk, The value of pi rounded to two decimal places is 3.14.,0.4577765464782715,,6.97
Which ocean is off the California coast?,Pacific Ocean,0.8,speculative,topk," The California coast is bordered by the Pacific Ocean.

Here are the names of the oceans that border California, listed clockwise from the north:

1. Pacific Ocean",0.5349562764167786,0.3230769230769231,4.26
Which ocean is off the California coast?,Pacific Ocean,0.8,ngram,topk," California is located on the Pacific Ocean, specifically in the northern portion of the Pacific Ocean.

The Pacific Ocean is the largest of the Earth's five oceans, covering an area",0.6239365935325623,0.08333333333333333,7.06
Which ocean is off the California coast?,Pacific Ocean,0.8,autoregressive,topk," The California coast is bordered by the Pacific Ocean.

Here are some specific ocean features near California:

* Pacific Ocean: The Pacific Ocean is the largest of the world's",0.5379769206047058,,6.48
What does HTML stand for?,HyperText Markup Language,0.8,speculative,topk, HTML stands for Hypertext Markup Language. It is the standard markup language used to create web pages and is the backbone of a website's structure and layout. HTML is the combination of,0.5273488163948059,0.21794871794871795,3.56
What does HTML stand for?,HyperText Markup Language,0.8,ngram,topk," HTML stands for Hypertext Markup Language.

HTML is the standard markup language used to create web pages. It is the backbone of a website, providing the structure and content that the",0.563559889793396,0.0,6.94
What does HTML stand for?,HyperText Markup Language,0.8,autoregressive,topk, HTML stands for HyperText Markup Language. It is the standard markup language used to create web pages and is the foundation of a website's structure and layout. HTML is used to define the,0.5399009585380554,,6.37
What is the derivative of x squared?,2x,0.8,speculative,topk," The derivative of x^2 is:

$$\frac{d}{dx} x^2 = 2x$$

To find the derivative, you can use the definition of",0.2868368625640869,0.36065573770491804,4.89
What is the derivative of x squared?,2x,0.8,ngram,topk," The derivative of x squared is:

$$\frac{d}{dx} x^2 = 2x$$

To see why this is true, use the definition of",0.25720706582069397,0.375,6.92
What is the derivative of x squared?,2x,0.8,autoregressive,topk, The derivative of x^2 is 2x.,0.4569597840309143,,7.01
How many letters are in the English alphabet?,26,0.8,speculative,topk," The English alphabet has 26 letters:

1. A
2. B
3. C
4. D
5. E
6. F
7. G
",0.38284480571746826,0.6,6.15
How many letters are in the English alphabet?,26,0.8,ngram,topk," The English alphabet consists of 26 letters:

1. A
2. B
3. C
4. D
5. E
6. F
7. G",0.3751324415206909,0.0,6.96
How many letters are in the English alphabet?,26,0.8,autoregressive,topk," The English alphabet consists of 26 letters:

1. A
2. B
3. C
4. D
5. E
6. F
7. G",0.3751324415206909,,6.45
Which continent is Egypt part of?,Africa,0.8,speculative,topk, Egypt is a country located in the continent of Africa.,0.5787065625190735,0.35,4.8
Which continent is Egypt part of?,Africa,0.8,ngram,topk, Egypt is located on the continent of Africa.,0.5834262371063232,0.0,6.91
Which continent is Egypt part of?,Africa,0.8,autoregressive,topk, Egypt is located on the continent of Africa.,0.5834262371063232,,6.95
In what year did World War II end?,1945,0.8,speculative,topk," World War II ended in 1945. The war in Europe officially ended on May 8, 1945, when Germany surrendered to the Allied Powers,",0.5455771684646606,0.49019607843137253,5.33
In what year did World War II end?,1945,0.8,ngram,topk," World War II ended in 1945. The war in Europe officially ended on May 8, 1945, when Germany surrendered to the Allied Powers,",0.5455771684646606,0.5,6.72
In what year did World War II end?,1945,0.8,autoregressive,topk," World War II ended in 1945.

The war in Europe ended on May 8, 1945, when Germany surrendered to the Allied Powers",0.5432429313659668,,6.27
What part of speech is 'quickly'?,Adverb,0.8,speculative,topk," The word ""quickly"" is an adverb.",0.4869506359100342,0.2916666666666667,4.05
What part of speech is 'quickly'?,Adverb,0.8,ngram,topk," ""Quickly"" is an adverb. It modifies the verb ""moves"" in the sentence and indicates how quickly the person or thing moves.",0.30303955078125,0.0,6.71
What part of speech is 'quickly'?,Adverb,0.8,autoregressive,topk," The word ""quickly"" is an adverb. It modifies the verb ""moved"" in the sentence and tells us how quickly he moved.",0.3111042380332947,,6.49
What is the plural of 'mouse'?,Mice,0.8,speculative,topk," The plural of ""mouse"" is ""mice.""",0.7081263065338135,0.5625,6.4
What is the plural of 'mouse'?,Mice,0.8,ngram,topk," The plural of ""mouse"" is also ""mouse"".

Yes, you read that correctly! In English, the plural form of a noun that ends in -ose (such",0.5029662847518921,0.16666666666666666,6.65
What is the plural of 'mouse'?,Mice,0.8,autoregressive,topk," The plural of ""mouse"" is ""mice"".",0.7082200050354004,,6.91
What organ pumps blood through the body?,Heart,0.8,speculative,topk," The heart is the organ that pumps blood through the body. It is a muscular organ located in the chest that pumps blood throughout the circulatory system, supplying oxygen and",0.49603888392448425,0.5416666666666666,6.09
What organ pumps blood through the body?,Heart,0.8,ngram,topk," The heart is the organ that pumps blood through the body.

The heart is a muscular organ that circulates blood throughout the body, supplying oxygen and nutrients to",0.5121999979019165,0.25,6.97
What organ pumps blood through the body?,Heart,0.8,autoregressive,topk," The organ that pumps blood through the body is the heart. In humans and many other animals, the heart is a muscular organ that pumps blood throughout the circulatory system, supplying",0.4256802797317505,,6.94
What is the capital of Japan?,Tokyo,0.8,speculative,topk," The capital of Japan is Tokyo. Located on the eastern coast of Honshu, the largest island of Japan, Tokyo is a megacity that is home to over 13.9",0.5816932916641235,0.39655172413793105,3.89
What is the capital of Japan?,Tokyo,0.8,ngram,topk," The capital of Japan is Tokyo.

Tokyo is the political, economic, and cultural center of Japan and is located on the eastern coast of Honshu, the largest island of",0.5654003620147705,0.08333333333333333,6.31
What is the capital of Japan?,Tokyo,0.8,autoregressive,topk," The capital of Japan is Tokyo.

Tokyo is the largest city in Japan and is located on the eastern coast of Honshu, the largest island of Japan. It is a",0.5978727340698242,,6.98
Which keyword defines a function in Python?,def,0.8,speculative,topk," In Python, the keyword that defines a function is `def`.

Here is an example of a simple function defined with the `def` keyword:
```
def greet(name",0.22278787195682526,0.2857142857142857,4.04
Which keyword defines a function in Python?,def,0.8,ngram,topk," In Python, the keyword that defines a function is `def`.

Here is an example of how to define a function in Python:
```
def greet(name):
   ",0.18588177859783173,0.16666666666666666,7.06
Which keyword defines a function in Python?,def,0.8,autoregressive,topk," In Python, the keyword that defines a function is ""def"".

Here is an example of how to define a function using the ""def"" keyword:
```
def greet(",0.2212451845407486,,6.53
What symbol is used for comments in Python?,#,0.8,speculative,topk," In Python, comments are indicated by the character `#`. This is a special character that tells the interpreter to ignore everything that comes after it until the end of the line.

For example:",0.24463418126106262,0.42857142857142855,5.02
What symbol is used for comments in Python?,#,0.8,ngram,topk," In Python, the symbol used for comments is `#`. A comment can be anything between the `#` symbol and the end of the line, and it will be ignored by the Python interpreter.
",0.2805342674255371,0.25,7.05
What symbol is used for comments in Python?,#,0.8,autoregressive,topk," In Python, comments are denoted using the `#` symbol.

Here's an example of how to use comments in Python:
```
# This is a comment
print(""Hello",0.2575289011001587,,6.24
What gas do plants absorb during photosynthesis?,Carbon dioxide,0.8,speculative,topk," During photosynthesis, plants absorb three main types of gases: carbon dioxide (CO2), water (H2O), and light (in the form of sunlight).",0.4739713668823242,0.4716981132075472,5.5
What gas do plants absorb during photosynthesis?,Carbon dioxide,0.8,ngram,topk," During photosynthesis, plants absorb three main types of gases: carbon dioxide (CO2), water (H2O), and light (sunlight). These gases are",0.48011431097984314,0.25,6.49
What gas do plants absorb during photosynthesis?,Carbon dioxide,0.8,autoregressive,topk," During photosynthesis, plants absorb carbon dioxide (CO2) from the atmosphere and convert it into organic compounds, such as glucose, using energy from sunlight",0.541814923286438,,6.76
What is the chemical symbol for water?,H2O,0.8,speculative,topk," The chemical symbol for water is H2O.

Water is a compound made up of two hydrogen atoms (H) and one oxygen atom (O). The chemical symbol",0.513545036315918,0.627906976744186,6.15
What is the chemical symbol for water?,H2O,0.8,ngram,topk," The chemical symbol for water is H2O.

Water is made up of two hydrogen atoms (H) and one oxygen atom (O), which are chemically bonded",0.4902205765247345,0.5,7.21
What is the chemical symbol for water?,H2O,0.8,autoregressive,topk," The chemical symbol for water is H2O.

The chemical symbol is a short abbreviation of the chemical name of a molecule, and it is used to represent the elements that",0.5060664415359497,,6.35
Who discovered penicillin?,Alexander Fleming,0.8,speculative,topk, Penicillin was discovered by Scottish scientist Alexander Fleming in 1928. Fleming was working in his laboratory at St. Mary's Hospital in London,0.5301734805107117,0.4716981132075472,5.54
Who discovered penicillin?,Alexander Fleming,0.8,ngram,topk," Penicillin was discovered by Scottish scientist Alexander Fleming in 1928. In his research on bacteria, Fleming observed that a mold (P",0.49799075722694397,0.25,6.66
Who discovered penicillin?,Alexander Fleming,0.8,autoregressive,topk," Penicillin was discovered by Scottish scientist Alexander Fleming in 1928. In a chance observation, Fleming noticed that a mold (Penicill",0.49589166045188904,,6.81
What is a synonym for 'happy'?,Joyful,0.8,speculative,topk," There are many synonyms for the word ""happy"". Here are some options:

1. Joyful
2. Content
3. Cheerful
4. Jub",0.5195233821868896,0.5102040816326531,5.49
What is a synonym for 'happy'?,Joyful,0.8,ngram,topk," There are many synonyms for the word ""happy"". Some options include:

1. Joyful
2. Jubilant
3. Elated
4. Eu",0.5283091068267822,0.0,6.32
What is a synonym for 'happy'?,Joyful,0.8,autoregressive,topk," Here are some synonyms for the word ""happy"":

1. Joyful
2. Content
3. Jubilant
4. Elated
5. Eu",0.5129402279853821,,6.98
What is the output of print(2 ** 3) in Python?,8,0.8,speculative,topk," In Python, the output of `print(2 ** 3)` is `8`.

Explanation:

`2 ** 3` means ""2 raised to the power",0.2781025469303131,0.45454545454545453,5.13
What is the output of print(2 ** 3) in Python?,8,0.8,ngram,topk," In Python, the output of `print(2 ** 3)` is `8`.

Explanation:

When you write `2 ** 3`, it means raising ",0.2783880829811096,0.375,8.17
What is the output of print(2 ** 3) in Python?,8,0.8,autoregressive,topk," In Python, the output of `print(2 ** 3)` is `8`.

Explanation:

In Python, the `**` operator is used to perform exponent",0.2995359003543854,,6.39
What does CSS stand for?,Cascading Style Sheets,0.8,speculative,topk, CSS stands for Cascading Style Sheets. It is a styling language used to control the layout and appearance of web pages. CSS is used in conjunction with HTML and JavaScript to create,0.29115670919418335,0.3492063492063492,4.65
What does CSS stand for?,Cascading Style Sheets,0.8,ngram,topk, CSS stands for Cascading Style Sheets. It is a styling language used to control the layout and appearance of web pages written in HTML and other markup languages. CSS is used to define,0.3201402723789215,0.0,6.31
What does CSS stand for?,Cascading Style Sheets,0.8,autoregressive,topk, CSS stands for Cascading Style Sheets. It is a styling language used to control the layout and appearance of web pages. CSS is used in conjunction with HTML and JavaScript to create,0.29115670919418335,,6.98
Which country is known for the Eiffel Tower?,France,0.8,speculative,topk," The Eiffel Tower is located in Paris, France. It is one of the most iconic landmarks in the world and is located in the 7th arrondissement of Paris. The",0.3790971040725708,0.4716981132075472,4.8
Which country is known for the Eiffel Tower?,France,0.8,ngram,topk," The Eiffel Tower is located in Paris, France. It is one of the most iconic landmarks in Paris and one of the most recognizable structures in the world. The Eiff",0.3665829300880432,0.3333333333333333,6.95
Which country is known for the Eiffel Tower?,France,0.8,autoregressive,topk," The Eiffel Tower is located in Paris, France. It is one of the most iconic landmarks in the world and is known as the symbol of Paris and France. The Eiff",0.3814873695373535,,6.97
